{
  "model": "LightGBM",
  "roc_auc": 0.5578860772804028,
  "accuracy": 0.9064285714285715,
  "hyperparameters": {
    "n_estimators": 100,
    "max_depth": 6,
    "learning_rate": 0.1,
    "num_leaves": 31
  }
}