{
  "model": "XGBoost",
  "roc_auc": 0.5505068936296552,
  "accuracy": 0.9085714285714286,
  "hyperparameters": {
    "n_estimators": 100,
    "max_depth": 6,
    "learning_rate": 0.1
  }
}